RYM Album, First Name,Last Name,First Name localized, Last Name localized,Title,Release_Date,Rating,Ownership,Purchase Date,Media Type,Review
"11418470","","벤","","Ben","Off the Record","2020","3","n","","",  ""
"12433127","","라붐","","LABOUM","Cheese (치즈)","2020","4","n","","",  ""
"9672861","","라붐","","LABOUM","Hwi Hwi","2018","6","n","","",  ""
"10208795","","라붐","","LABOUM","Love Pop Wow!!","2019","5","n","","",  ""
"6334075","","라붐","","LABOUM","Sugar Sugar","2015","4","n","","",  ""
"9372097","","라붐","","LABOUM","Summer Special","2017","6","n","","",  ""
"10956503","","라붐","","LABOUM","상상더하기 Winter ++","2019","4","n","","",  ""
"9372090","","라붐","","LABOUM","겨울동화 (Winter Story)","2016","4","n","","",  ""
"13059018","","러비","","Lovey","24","2016","6","n","","",  ""
"13059052","","러비","","Lovey","25","2017","6","n","","",  ""
"13059111","","러비","","Lovey","27","2019","7","n","","",  ""
"10317757","","로시","","Rothy","Color of Rothy","2019","4","n","","",  ""
"11452545","","루다","","Luda","두니아~처음 만난 세계 OST Part.2","2018","2","n","","",  ""
"10069842","","민수","","Minsu","민수는 혼란스럽다","2019","8","n","","",  ""
"13006971","","백현","","Baekhyun","iScreaM Vol.8 : Bambi Remixes","2021","5","n","","",  ""
"8517625","","선미","","Sunmi","가시나 (Gashina)","2017","3","n","","",  ""
"8873420","","선미","","Sunmi","주인공 (Juingong)","2018","3","n","","",  ""
"10576286","","선미","","Sunmi","날라리 (Lalalay)","2019","3","n","","",  ""
"9510509","","선미","","Sunmi","Warning","2018","8","n","","",  ""
"11109727","","선미","","Sunmi","엑스엑스 (XX) OST Part.1","2020","3","n","","",  ""
"12855436","","세정","","Sejeong","I'm","2021","6","n","","",  ""
"9900080","","수빈","","Subin","Katchup","2019","9","n","","",  ""
"9131084","","옆소","","Girls Next Door","Idol Drama Operation Team, Pt. 2 (Original Soundtrack)","2017","6","n","","",  ""
"12285528","","우아","","woo!ah!","Qurious","2020","6","n","","",  ""
"11469727","","종업","","Jongup","Headache","2020","4","n","","",  ""
"12245469","","카이","","Kai","Kai","2020","6","n","","",  ""
"7600902","","きくお","","Kikuo","いきものの魂のゆくえ (Ikimono no Tamashii no Yukue)","2013","9","n","","",  ""
"12677267","","강태구","","Kang Taegu","bleu","2018","7","n","","",  ""
"9569116","","김사월","","Kim Sawol","Romance","2018","7","n","","",  ""
"10437940","","김오키","","Kim Oki","Spirit Advance Unit (스피릿선발대)","2019","8","n","","",  ""
"11065288","","김재중","","Kim Jae Joong","애요","2020","1","n","","",  ""
"9409810","","뱃사공","","Bassagong","탕아","2018","8","n","","",  ""
"9263715","","새소년","","SE SO NEON","파도 (The Wave)","2017","9","n","","",  ""
"8583403","","엘리스","","Elris","We, First","2017","8","n","","",  ""
"10715722","","위걸스","","We Girls","Girl's Wings Fly","2018","5","n","","",  ""
"10715707","","위걸스","","We Girls","On Air","2018","5","n","","",  ""
"10627552","","위걸스","","We Girls","Ride","2019","4","n","","",  ""
"7601505","","유니콘","","Unicorn","The Brand New Label","2016","8","n","","",  ""
"11196857","","육성재","","Yook Sungjae","YOOK O'clock","2020","3","n","","",  ""
"11303160","","윤종신","","Yoon Jong-shin","행보 2019 윤종신","2020","7","n","","",  ""
"12306999","","이선지","","Sunji Lee","Song of April","2018","8","n","","",  ""
"12110469","","이진아","","Lee Jin-ah","Candy Pianist","2020","8","n","","",  ""
"13055335","","이진아","","Lee Jin-ah","Children Are Happy (Original Motion Picture Soundtrack)","2021","7","n","","",  ""
"11064865","","이해리","","Lee Hae Ri","From H","2020","2","n","","",  ""
"9463260","","장필순","","Jang Pil-Soon","Soony Eight : 소길花","2018","7","n","","",  ""
"12261771","","한동근","","Han Dong-geun","재회 : 구름에 가려진 별","2020","4","n","","",  ""
"11053073","","이달의 소녀","","LOONA","#","2020","9","n","","",  ""
"9481809","","이달의 소녀","","LOONA","+ +","2018","8","n","","",  ""
"12024977","","이달의 소녀","","LOONA","12:00","2020","7","n","","",  ""
"10029448","","이달의 소녀","","LOONA","X X","2019","7","n","","",  ""
"9422624","","네온펀치","","NeonPunch","Moonlight","2018","7","n","","",  ""
"12366565","","버스터즈","","Bursters","Once and for All","2020","2","n","","",  ""
"11938737","","보토패스","","Botopass","Flamingo","2020","4","n","","",  ""
"11012055","","비오브유","","B.O.Y","Phase One: You","2020","1","n","","",  ""
"10788591","","서사무엘","Samuel","Seo","The Misfit","2019","4","n","","",  ""
"10587333","","선우정아","","Sunwoo Jung-a","Stunning","2019","9","n","","",  ""
"11337587","","스텔라장","Stella","Jang","STELLA I","2020","8","n","","",  ""
"11170366","","스펙트럼","","Spectrum","0325","2020","3","n","","",  ""
"13017036","","써드아이","","3YE","어쩌다 가족 OST Part.11","2021","6","n","","",  ""
"11764147","","써드아이","","3YE","Summer Special","2020","3","n","","",  ""
"11699478","","써드아이","","3YE","Triangle","2020","6","n","","",  ""
"8310492","","우주소녀","","WJSN","Happy Moment","2017","8","n","","",  ""
"7600501","","우주소녀","","WJSN","The Secret","2016","7","n","","",  ""
"7224624","","우주소녀","","WJSN","Would You Like?","2016","9","n","","",  ""
"12249834","","위키미키","","Weki Meki","산막이옛길을 달리는 소녀 (The Girls Running on the Sanmagiyet-gil)","2020","7","n","","",  ""
"12855417","","이터니티","","Eternity","I'm Real","2021","1","n","","",  ""
"9868780","","잠비나이","","Jambinai","온다 (Onda)","2019","9","n","","",  ""
"10414535","","보수동쿨러","","Bosudong Cooler","Yeah, I Don't Want It","2019","8","n","","",  ""
"11313770","","코드쿤스트","","Code Kunst","People","2020","3","n","","",  ""
"10032746","","핑크레이디","The","Pink Lady","God Girl (갓걸)","2019","8","n","","",  ""
"12117672","","환불원정대","","Refund Sisters","Don't Touch Me","2020","5","n","","",  ""
"9306892","","프로미스나인","","fromis_9","To. Day","2018","4","n","","",  ""
"8934521","","프로미스나인","","fromis_9","To. Heart","2018","4","n","","",  ""
"9281165","","이달의 소녀 1/3","","LOONA 1/3","Love &amp; Evil","2017","9","n","","",  ""
"12212832","","aespa","","","Black Mamba","2020","8","n","","",  ""
"4007926","","akiko","","","Swingy Swingy With Chai-Chii Sisters","2012","7","n","","",  ""
"10763079","","ARIAZ","","","Grand Opera","2019","6","n","","",  ""
"11216988","","ASTRO","","","One &amp; Only","2020","2","n","","",  ""
"11008255","","ATEEZ","","","Treasure Epilogue: Action to Answer","2020","3","n","","",  ""
"12933145","","BAE173","","","Intersection : Trace","2021","2","n","","",  ""
"12513361","","Berry Good","","","Undying Love","2021","4","n","","",  ""
"4698603","","BESTie","","","Pitapat","2013","6","n","","",  ""
"5371982","","BESTie","","","Thank U Very Much","2014","4","n","","",  ""
"10663887","","Black String","","","Karma","2019","9","n","","",  ""
"8958095","","BTS","","","Face Yourself","2018","3","n","","",  ""
"11012584","","BTS","","","Map of the Soul: 7","2020","2","n","","",  ""
"11623790","","BTS","","","Map of the Soul: 7 ~ The Journey","2020","5","n","","",  ""
"6026437","","BTS","","","Wake Up","2014","6","n","","",  ""
"7518445","","BTS","","","Youth","2016","6","n","","",  ""
"10766945","","Bvndit","","","Be!","2019","5","n","","",  ""
"12966141","","CHAI","","","Let's Love!","2021","6","n","","",  ""
"11126567","","Cherry Bullet","","","무릎을 탁 치고 (Hands Up)","2020","8","n","","",  ""
"9957357","Kriesha","Chu","","","1st Single Album","2017","6","n","","",  ""
"12299700","","CIFIKA","","","청춘","2020","8","n","","",  ""
"11929131","","CIFIKA","","","HANA","2020","8","n","","",  ""
"9059063","","CIFIKA","","","PRISM","2018","8","n","","",  ""
"12140355","","CSVC","","","무자비(無慈悲)","2020","8","n","","",  ""
"11359526","","Deepflow","","","Founder","2020","7","n","","",  ""
"11015474","","DreamNote","","","Dream Wish","2020","4","n","","",  ""
"11031761","","ENOi","","","Red in the Apple","2020","5","n","","",  ""
"8995832","","E SENS","","","Sleep Tight","2015","9","n","","",  ""
"11053409","","Everglow","","","Reminiscence","2020","4","n","","",  ""
"8166163","","EXID","","","Eclipse","2017","6","n","","",  ""
"8665992","","EXID","","","Full Moon","2017","7","n","","",  ""
"10531115","","FANATICS","","","The Six","2019","5","n","","",  ""
"10784014","","Favorite","","","Catch Me","2019","5","n","","",  ""
"4649145","","f(x)","","","Pink Tape","2013","7","n","","",  ""
"11308473","","(G)I-DLE","","","I Trust","2020","5","n","","",  ""
"10467851","","(G)I-DLE","","","Latata","2019","5","n","","",  ""
"9517032","","Girls' Generation-Oh!GG","","","몰랐니 (Lil' Touch) / 쉼표 (Fermata) [Kihno]","2018","7","n","","",  ""
"11398678","","H&amp;D","","","Soulmate","2020","2","n","","",  ""
"11307333","","HYNN","","","아무렇지 않게, 안녕","2020","4","n","","",  ""
"6486731","","Instant Karma","","","Lost Album","1998","10","n","","",  ""
"10393862","","IZ*ONE","","","Buenos Aires","2019","4","n","","",  ""
"9664341","","IZ*ONE","","","Color*IZ","2018","4","n","","",  ""
"10679889","","IZ*ONE","","","Vampire","2019","3","n","","",  ""
"9736529","","Jclef","","","Flaw, Flaw","2018","8","n","","",  ""
"11423343","","Jockstrap","","","Wicked City","2020","9","n","","",  ""
"12347360","","JPEGMAFIA","","","EP2!","2021","5","n","","",  ""
"11088502","","KARD","","","Red Moon","2020","5","n","","",  ""
"151116","Kahimi","Karie","","","Trapéziste","2003","9","n","","",  ""
"11405884","","Kid Milli","","","BEIGE 0.5","2020","2","n","","",  ""
"10736878","Lim","Kim","","","Generasian","2019","8","n","","",  ""
"12898636","","KOTO","","","Back to the Universe","2021","7","n","","",  ""
"12275533","","KOTO","","","琴虎飯店 EP (Kototora hanten EP)","2020","8","n","","",  ""
"7881018","The","Koxx","","","The New Normal","2015","7","n","","",  ""
"9560116","","Life &amp; Time","","","Age","2018","7","n","","",  ""
"10539651","","MAMAMOO","","","4colors","2019","4","n","","",  ""
"9440296","","Marmello","","","Can't Stop","2017","3","n","","",  ""
"10156346","","Maywish","","","Hello","2018","6","n","","",  ""
"10509471","","Maywish","","","스르르 (Srr)","2019","3","n","","",  ""
"9379788","","Melody Day","","","겁나","2014","3","n","","",  ""
"9375448","","Melody Day","","","잠은 안 오고","2018","7","n","","",  ""
"7528739","","Melody Day","","","Color","2016","4","n","","",  ""
"8083969","","Melody Day","","","Kiss on the Lips","2017","5","n","","",  ""
"8765553","","Melody Day","","","Speed Up","2015","6","n","","",  ""
"10748902","","Method","","","Definition of Method","2019","8","n","","",  ""
"11520602","","Miso","","","Alone","2020","9","n","","",  ""
"12407197","","Miso","","","Metanoia","2020","9","n","","",  ""
"13063971","","Miso","","","Slow Running","2021","6","n","","",  ""
"10909646","","Miso","","","Take Me","2016","9","n","","",  ""
"13030454","","moi","","","쿵 (Kuuung)","2021","9","n","","",  ""
"10149705","","moi","","","合","2019","8","n","","",  ""
"10284481","","씨잼 [C Jamm]","","","킁","2019","6","n","","",  ""
"9320518","","윤채경 [Yoon Chaekyung] &amp; 채원 [Chaewon]","","","시계","2016","7","n","","",  ""
"11248898","","세정 [Sejeong]","","","화분","2020","2","n","","",  ""
"10983553","","그림자 공동체 [Shadow Community]","","","동요 / 할시온의 관","2019","10","n","","",  ""
"9466294","","Nature","","","기분 좋아","2018","7","n","","",  ""
"7489095","","Sonamoo","","","넘나 좋은 것","2016","6","n","","",  ""
"9573624","","UNI.T","","","끝을 아는 시작","2018","3","n","","",  ""
"11423428","","폴킴 [Paul Kim]","","","마음, 둘","","3","n","","",  ""
"11127867","","새소년 [SE SO NEON]","","","비적응","2020","8","n","","",  ""
"11231380","","수호 [Suho]","","","자화상","2020","3","n","","",  ""
"13051228","","SUMIN+Zion.T","","","크림빵","2021","7","n","","",  ""
"9446397","","그림자 공동체 [Shadow Community]","","","거울의 숲","2016","8","n","","",  ""
"8434102","","아이비아이 [I.B.I]","","","몰래몰래","2016","7","n","","",  ""
"10946504","","천용성 [Yongsung Chun]","","","김일성이 죽던 해","2019","6","n","","",  ""
"9408030","","JPEGMAFIA","","","1539 N. Calvert","2018","10","n","","",  ""
"11341491","","Ha:tfelt","","","1719","2020","6","n","","",  ""
"3983844","","무키무키만만수 [Mukimukimanmansu]","","","2012","2012","10","n","","",  ""
"13002335","","KOTO &amp; レコライド [Recoride]","","","スーパールーパー33","2021","7","n","","",  ""
"10340436","","Red Velvet","","","'The ReVe Festival' Day 1","2019","10","n","","",  ""
"10546118","","Red Velvet","","","'The ReVe Festival' Day 2","2019","6","n","","",  ""
"6845462","","f(x)","","","4 Walls","2015","8","n","","",  ""
"11137931","","AB6IX","","","5nally","2020","3","n","","",  ""
"11984445","","Everglow","","","-77.82X-78.29","2020","8","n","","",  ""
"6947372","","라붐 [LABOUM]","","","Aalow Aalow","2015","6","n","","",  ""
"8915530","","Gu9udan","","","Act. 04 Cait Sith","2018","5","n","","",  ""
"7576242","","Gu9udan","","","Act. 1 The Little Mermaid","2016","4","n","","",  ""
"8086719","","Gu9udan","","","Act. 2 Narcissus","2017","7","n","","",  ""
"8690387","","Gu9udan","","","Act. 3 Chococo Factory","2017","6","n","","",  ""
"9685355","","Gu9udan","","","Act. 5 New Action","2018","7","n","","",  ""
"6385719","","EXID","","","Ah Yeah","2015","5","n","","",  ""
"9131275","","Good Day","","","All Day Good Day","2017","7","n","","",  ""
"11054562","","Sechs Kies","","","All for You","2020","3","n","","",  ""
"10596352","","JPEGMAFIA","","","All My Heroes Are Cornballs","2019","9","n","","",  ""
"11831399","","Cherry Bullet","","","아로하오에 (Aloha oe)","2020","6","n","","",  ""
"9759246","","Nature","","","썸&amp;러브 (Some&amp;Love)","2018","7","n","","",  ""
"10175901","","Psychedelic Porn Crumpets","","","And Now for the Whatchamacallit","2019","8","n","","",  ""
"11032757","","지코 [Zico]","","","아무노래 (Any Song)","2020","8","n","","",  ""
"10808643","","Rosalía","","","A palé","2019","8","n","","",  ""
"10097216","","Everglow","","","Arrival of Everglow","2019","6","n","","",  ""
"10802510","","우주소녀 [WJSN]","","","As You Wish","2019","8","n","","",  ""
"12895119","","SHINee","","","Atlantis","2021","7","n","","",  ""
"8791474","","JPEGMAFIA","","","Baby I'm Bleeding","2017","9","n","","",  ""
"12795345","","백현 [Baekhyun]","","","Bambi","2021","6","n","","",  ""
"9274956","","이달의 소녀 yyxy [LOONA yyxy]","","","beauty&amp;thebeat","2018","6","n","","",  ""
"12223080","","BoA","","","Better","2020","7","n","","",  ""
"9423370","","라붐 [LABOUM]","","","Between Us","2018","6","n","","",  ""
"9111961","","허니팝콘 [Honey Popcorn]","","","Bibidi Babidi Boo","2018","4","n","","",  ""
"8972393","","CLC","","","Black Dress","2018","6","n","","",  ""
"11781595","","EXID","","","B.L.E.S.S.E.D","2020","6","n","","",  ""
"9380528","","청하 [Chung Ha]","","","Blooming Blue","2018","3","n","","",  ""
"11097935","","IZ*ONE","","","Bloom*IZ","2020","5","n","","",  ""
"11802250","","Rocket Punch","","","Blue Punch","2020","6","n","","",  ""
"9721068","","MAMAMOO","","","Blue;s","2018","4","n","","",  ""
"11948265","","유아 [YooA]","","","Bon voyage","2020","3","n","","",  ""
"12916822","","ENHYPEN","","","Border : Carnival","2021","5","n","","",  ""
"12245537","","ENHYPEN","","","Border : Day One","2020","5","n","","",  ""
"10161035","","TWICE","","","Breakthrough","2019","9","n","","",  ""
"10172195","","Bvndit","","","Bvndit, Be Ambitious!","2019","6","n","","",  ""
"9626128","","KOTO","","","ばいばいてぃーんずららばい (Bye Bye Teens Lullaby)","2018","9","n","","",  ""
"3505201","","Secret","","","별빛달빛 (Byeolbit Dalbit)","2011","2","n","","",  ""
"11453289","","Bvndit","","","Carnival","2020","6","n","","",  ""
"8860039","","선우정아 [Sunwoo Jung-a]","","","Cat","2017","8","n","","",  ""
"4578738","","Candy Claws","","","Ceres &amp; Calypso in the Deep Time","2013","9","n","","",  ""
"6822668","","IU","","","Chat-Shire","2015","8","n","","",  ""
"12493162","","Cherry Bullet","","","Cherry Rush","2021","7","n","","",  ""
"11331053","","최강창민 [Max Changmin]","","","Chocolate","2020","3","n","","",  ""
"8463859","","이달의 소녀 [LOONA] / Choerry","","","Choerry","2017","10","n","","",  ""
"7372658","","I.O.I","","","Chrysalis","2016","4","n","","",  ""
"8847491","","이달의 소녀 [LOONA] / Chuu","","","Chuu","2017","9","n","","",  ""
"10410749","","백현 [Baekhyun]","","","City Lights","2019","5","n","","",  ""
"10691657","","Kero Kero Bonito","","","Civilisation I","2019","9","n","","",  ""
"12722773","","Kero Kero Bonito","","","Civilisation II","2021","8","n","","",  ""
"8583412","","엘리스 [Elris]","","","Color Crush","2017","6","n","","",  ""
"11160202","","Victon","","","Continuous","2020","3","n","","",  ""
"9441326","","공중도둑 [Mid-Air Thief]","","","무너지기 (Crumbling)","2018","10","n","","",  ""
"10449342","","Purplebeck","","","Crystal Ball","2019","7","n","","",  ""
"7963600","","CLC","","","Crystyle","2017","6","n","","",  ""
"6685080","","Sonamoo","","","Cushion","2015","7","n","","",  ""
"11282942","","강다니엘 [Kang Daniel]","","","Cyan","2020","3","n","","",  ""
"11344561","","April","","","Da capo","2020","8","n","","",  ""
"11088489","","문별 [Moonbyul]","","","Dark Side of the Moon","2020","4","n","","",  ""
"12035846","","XUM","","","Ddalala","2020","5","n","","",  ""
"12545723","","IZ*ONE","","","D-D-Dance","2021","9","n","","",  ""
"12608495","","SHINee","","","Don't Call Me","2021","7","n","","",  ""
"10274444","","Bvndit","","","드라마틱 (Dramatic)","2019","5","n","","",  ""
"4423912","","SHINee","","","Dream Girl - The Misconceptions of You","2013","7","n","","",  ""
"9797067","","DreamNote","","","Dreamlike","2018","4","n","","",  ""
"10704613","","Purplebeck","","","Dream Line","2019","6","n","","",  ""
"10065057","","DreamNote","","","Dream:us","2019","5","n","","",  ""
"8966771","","우주소녀 [WJSN]","","","Dream Your Dream","2018","7","n","","",  ""
"5144150","","After School","","","Dress to Kill","2014","9","n","","",  ""
"11774590","","(G)I-DLE","","","DUMDi DUMDi","2020","6","n","","",  ""
"11372350","","GOT7","","","Dye","2020","4","n","","",  ""
"11100406","","Dreamcatcher","","","Dystopia: The Tree of Language","2020","6","n","","",  ""
"11194146","","라비 [Ravi]","","","El Dorado","2020","1","n","","",  ""
"4042379","","f(x)","","","Electric Shock","2012","7","n","","",  ""
"12226487","","JPEGMAFIA","","","EP!","2020","7","n","","",  ""
"11449481","","우아 [woo!ah!]","","","Exclamation","2020","7","n","","",  ""
"3455169","","Death Grips","","","Exmilitary","2011","9","n","","",  ""
"10993890","","VERIVERY","","","Face Me","2020","4","n","","",  ""
"10499934","","태민 [Taemin]","","","Famous","2019","8","n","","",  ""
"12101576","","Monsta X","","","Fatal Love","2020","4","n","","",  ""
"12867501","","BTS","","","Film Out","2021","3","n","","",  ""
"11009684","","SF9","","","First Collection","2020","4","n","","",  ""
"10358371","","청하 [Chung Ha]","","","Flourishing","2019","5","n","","",  ""
"10008593","","Saturday","","","Follow Saturday","2019","4","n","","",  ""
"12595982","","aespa","","","Forever (약속)","2021","2","n","","",  ""
"10290681","","우주소녀 [WJSN]","","","For the Summer","2019","9","n","","",  ""
"7434808","","루나 [Luna]","","","Free Somebody","2016","7","n","","",  ""
"7267694","","라붐 [LABOUM]","","","Fresh Adventure","2016","4","n","","",  ""
"7946559","","우주소녀 [WJSN]","","","From. 우주소녀","2017","4","n","","",  ""
"9638292","","프로미스나인 [fromis_9]","","","From.9","2018","8","n","","",  ""
"5227954","","선미 [Sunmi]","","","Full Moon","2014","5","n","","",  ""
"10303747","","프로미스나인 [fromis_9]","","","Fun Factory","2019","6","n","","",  ""
"11453231","","ASTRO","","","Gateway","2020","3","n","","",  ""
"12274091","","Bling Bling","","","G.G.B","2020","9","n","","",  ""
"5049409","","Secret","","","Gift From Secret","2013","5","n","","",  ""
"10524468","","かめりあ feat. ななひら","","","ごーいん！ (Go-In!)","2019","9","n","","",  ""
"6394417","","공중도덕","","","공중도덕 (Gongjoong Doduk)","2015","10","n","","",  ""
"12124541","","Blackswan","","","Goodbye Rania","2020","4","n","","",  ""
"12182915","","SECRET NUMBER","","","Got That Boom","2020","6","n","","",  ""
"8940066","","이달의 소녀 [LOONA] / Go Won","","","Go Won","2018","9","n","","",  ""
"249585","","Beck","","","Guero","2005","9","n","","",  ""
"12851287","","ITZY","","","Guess Who","2021","8","n","","",  ""
"8353577","","청하 [Chung Ha]","","","Hands on Me","2017","5","n","","",  ""
"8505396","","Sonamoo","","","Happy Box Part.1","2017","9","n","","",  ""
"8718484","","Sonamoo","","","Happy Box Part.2","2017","9","n","","",  ""
"8083907","","이달의 소녀 [LOONA] / HaSeul","","","HaSeul","2016","8","n","","",  ""
"10112706","","IZ*ONE","","","Heart*IZ","2019","4","n","","",  ""
"8083881","","이달의 소녀 [LOONA] / HeeJin","","","HeeJin","2016","8","n","","",  ""
"5668709","","MAMAMOO","","","Hello","2014","7","n","","",  ""
"11581156","","위키미키 [Weki Meki]","","","Hide and Seek","2020","7","n","","",  ""
"11365388","","CRAVITY","","","Hideout: Remember Who We Are - Season1.","2020","4","n","","",  ""
"9789868","","Cherry On Top","","","Hi Five","2018","7","n","","",  ""
"7485230","","Brave Girls","","","High Heels","2016","4","n","","",  ""
"4234730","","EXID","","","Hippity Hop","2012","3","n","","",  ""
"12051555","","우주소녀 쪼꼬미 [WJSN Chocome]","","","흥칫뿡 (Hmph!)","2020","7","n","","",  ""
"11524178","","Crush","","","Homemade 1","2020","8","n","","",  ""
"5668430","","BESTie","","","Hot Baby","2014","5","n","","",  ""
"10569054","","Everglow","","","Hush","2019","6","n","","",  ""
"8083894","","이달의 소녀 [LOONA] / HyunJin","","","HyunJin","2016","10","n","","",  ""
"10435639","","Nature","","","I'm So Pretty","2019","8","n","","",  ""
"9776490","","라붐 [LABOUM]","","","I'm Yours","2018","3","n","","",  ""
"9212663","","(G)I-DLE","","","I Am","2018","5","n","","",  ""
"12450596","","(G)I-DLE","","","I Burn","2021","5","n","","",  ""
"8900879","","오구오구 [Oguogu]","","","Ice Chu","2017","7","n","","",  ""
"6301651","","Red Velvet","","","Ice Cream Cake","2015","9","n","","",  ""
"11057408","","iKON","","","i DECIDE","2020","4","n","","",  ""
"11463388","","볼빨간 사춘기 [Bolbbalgan4]","","","사춘기집II 꽃 본 나비","2020","5","n","","",  ""
"10000669","","(G)I-DLE","","","I Made","2019","8","n","","",  ""
"12850336","","OnlyOneOf","","","Instinct Part. 1","2021","8","n","","",  ""
"12756494","","퍼플키스 [Purple Kiss]","","","Into Violet","2021","5","n","","",  ""
"11194776","","DPR Live","","","Is Anybody Out There?","2020","7","n","","",  ""
"11834272","","Red Velvet - Irene &amp; Seulgi","","","iScreaM Vol.3 : 놀이 (Naughty) (Remix)","2020","8","n","","",  ""
"12876224","","SHINee","","","iScreaM Vol.7 : Don't Call Me Remixes","2021","5","n","","",  ""
"13030905","","Hot Issue","","","Issue Maker","2021","6","n","","",  ""
"9944952","","ITZY","","","It'z Different","2019","9","n","","",  ""
"10455484","","ITZY","","","It'z Icy","2019","7","n","","",  ""
"11152031","","ITZY","","","It'z Me","2020","4","n","","",  ""
"11139119","","엘리스 [Elris]","","","Jackpot","2020","7","n","","",  ""
"12988047","","엘리스 [Elris]","","","Jackpot (Japanese Version)","2021","8","n","","",  ""
"12135632","","JBJ95","","","Jasmin","2020","4","n","","",  ""
"8390174","","이달의 소녀 [LOONA] / JinSoul","","","JinSoul","2017","8","n","","",  ""
"8145512","","KOTO","","","JK卒業PACK","2017","6","n","","",  ""
"11065731","","Rosalía","","","Juro que","2020","8","n","","",  ""
"11433559","","비비 [BIBI]","","","사장님 도박은 재미로 하셔야 합니다 (Kazino)","2020","8","n","","",  ""
"12719168","","미래소년 [Mirae]","","","Killa","2021","6","n","","",  ""
"8309290","","이달의 소녀 [LOONA] / Kim Lip","","","Kim Lip","2017","8","n","","",  ""
"9583190","","위키미키 [Weki Meki]","","","Kiss, Kicks","2018","6","n","","",  ""
"12997524","","(G)I-DLE","","","Last Dance","2021","6","n","","",  ""
"11282401","","옹성우 [Ong Seong Woo]","","","Layers","2020","3","n","","",  ""
"12505256","","Pink Fantasy","","","레몬사탕 (Lemon Candy)","2021","9","n","","",  ""
"9896672","","Cherry Bullet","","","Let's Play Cherry Bullet","2019","7","n","","",  ""
"4546620","","Secret","","","Letter From Secret","2013","3","n","","",  ""
"11227010","","Favorite","","","또 Lie","2020","4","n","","",  ""
"5631188","","Jazzyfact","","","Lifes Like","2010","8","n","","",  ""
"9286444","","Pristin V","","","Like a V","2018","5","n","","",  ""
"12859590","","Wendy","","","Like Water","2021","5","n","","",  ""
"12761804","","IU","","","Lilac","2021","4","n","","",  ""
"9272593","","UNI.T","","","Line","2018","4","n","","",  ""
"11996136","","Cignature","","","Listen and Speak","2020","7","n","","",  ""
"11398775","","IMFACT","","","L.L","2020","3","n","","",  ""
"9914677","","Favorite","","","Loca","2019","5","n","","",  ""
"11308493","","Apink","","","Look","2020","4","n","","",  ""
"12967208","","Cheeze","","","Loser","2021","8","n","","",  ""
"10264511","","Cherry Bullet","","","Love Adventure","2019","6","n","","",  ""
"5015379","","소녀시대 [Girls' Generation]","","","Love &amp; Peace","2013","3","n","","",  ""
"6426171","","BESTie","","","Love Emotion","2015","5","n","","",  ""
"9277290","","Favorite","","","Love Loves to Love Love","2018","9","n","","",  ""
"9379777","","Melody Day","","","#LoveMe","2015","7","n","","",  ""
"4928802","","BESTie","","","연애의 조건 (Love Options)","2013","5","n","","",  ""
"7608268","","라붐 [LABOUM]","","","Love Sign","2016","6","n","","",  ""
"3015204","","SHINee","","","Lucifer","2010","5","n","","",  ""
"8972392","","위키미키 [Weki Meki]","","","Lucky","2018","8","n","","",  ""
"6436008","","프라이머리 [Primary] &amp; 오혁 [Hyukk Oh]","","","Lucky You!","2015","8","n","","",  ""
"8683644","","이달의 소녀 오드아이써클 [LOONA ODD EYE CIRCLE]","","","Max &amp; Match","2017","10","n","","",  ""
"7127215","","MAMAMOO","","","Melting","2016","7","n","","",  ""
"7784746","","MAMAMOO","","","Memory","2016","6","n","","",  ""
"7754941","","I.O.I","","","Miss Me?","2016","5","n","","",  ""
"8198903","","라붐 [LABOUM]","","","Miss This Kiss","2017","4","n","","",  ""
"5356682","","IU","","","Modern Times - Epilogue","2013","8","n","","",  ""
"5887949","","하우스룰즈 [House Rulez]","","","Mojito","2007","8","n","","",  ""
"11553315","","Red Velvet - Irene &amp; Seulgi","","","Monster","2020","9","n","","",  ""
"12790470","","Lil Nas X","","","Montero (Call Me by Your Name)","2021","8","n","","",  ""
"12802978","","DPR Ian","","","Moodswings in This Order","2021","7","n","","",  ""
"12176246","","K/DA","","","More","2020","9","n","","",  ""
"3698004","","Secret","","","Moving in Secret","2011","5","n","","",  ""
"8413429","","Favorite","","","My Favorite","2017","5","n","","",  ""
"11963708","","프로미스나인 [fromis_9]","","","My Little Society","2020","6","n","","",  ""
"11636186","","Nature","","","Nature World: Code M","2020","5","n","","",  ""
"11787998","","Red Velvet - Irene &amp; Seulgi","","","Naughty","2020","9","n","","",  ""
"11076960","","NCT 127","","","NCT #127 Neo Zone","2020","5","n","","",  ""
"11815100","","태민 [Taemin]","","","Never Gonna Dance Again : Act 2","2020","4","n","","",  ""
"11484272","","우주소녀 [WJSN]","","","Neverland","2020","9","n","","",  ""
"12051731","","위키미키 [Weki Meki]","","","New Rules","2020","7","n","","",  ""
"10784778","","Hinapia","","","New Start","2019","8","n","","",  ""
"11470771","","Natty","","","Nineteen","2020","5","n","","",  ""
"9915207","","CLC","","","No.1","2019","4","n","","",  ""
"12493924","","U-KNOW","","","Noir","2021","4","n","","",  ""
"10051075","","선미 [Sunmi]","","","Noir","2019","5","n","","",  ""
"11288018","","CHAI","","","No More Cake","2020","9","n","","",  ""
"11380907","","오마이걸 [Oh My Girl]","","","Nonstop","2020","6","n","","",  ""
"11832091","","ITZY","","","Not Shy","2020","6","n","","",  ""
"2896387","","f(x)","","","Nu ABO","2010","6","n","","",  ""
"11064815","","Cignature","","","Nun Nu Nan Na","2020","9","n","","",  ""
"11862569","","로시 [Rothy]","","","Ocean View","2020","3","n","","",  ""
"8886010","","청하 [Chung Ha]","","","Offset","2018","4","n","","",  ""
"11943143","","(G)I-DLE","","","Oh My God","2020","7","n","","",  ""
"9115592","","이달의 소녀 [LOONA] / Olivia Hye","","","Olivia Hye","2018","10","n","","",  ""
"11589300","","IZ*ONE","","","Oneiric Diary","2020","5","n","","",  ""
"12296357","","IZ*ONE","","","One-Reeler / Act IV","2020","6","n","","",  ""
"12669297","","ONF","","","ONF : My Name","2021","6","n","","",  ""
"12479294","","Saturday","","","Only You","2021","3","n","","",  ""
"10101380","","Yerin Baek","","","Our Love Is Great","2019","7","n","","",  ""
"6005853","","라붐 [LABOUM]","","","Petit Macaron","2014","4","n","","",  ""
"6005836","","라붐 [LABOUM]","","","Petit Macaron Data Pack","2014","4","n","","",  ""
"6003227","","MAMAMOO","","","Piano Man","2014","9","n","","",  ""
"6550741","","MAMAMOO","","","Pink Funky","2015","6","n","","",  ""
"10534175","","Rocket Punch","","","Pink Punch","2019","5","n","","",  ""
"3439217","","f(x)","","","Pinocchio","2011","6","n","","",  ""
"6626201","","KOTO","","","プラトニック プラネット (Platonic Planet)","2015","9","n","","",  ""
"11454424","","FANATICS","","","Plus Two","2020","3","n","","",  ""
"4174975","","Secret","","","Poison","2012","5","n","","",  ""
"12934232","","Japanese Breakfast","","","Posing in Bondage","2021","8","n","","",  ""
"12004024","","ピンキーポップヘップバーン [Pinky Pop Hepburn]","","","P-POP","2020","8","n","","",  ""
"11644228","","선미 [Sunmi]","","","보라빛 밤 (Pporappippam)","2020","7","n","","",  ""
"11491709","","REDSQUARE","","","Prequel","2020","6","n","","",  ""
"9713847","","Marmello","","","Puppet","2017","3","n","","",  ""
"8342412","","MAMAMOO","","","Purple","2017","6","n","","",  ""
"11018111","","태연 [Taeyeon]","","","Purpose","2020","6","n","","",  ""
"12286742","","청하 [Chung Ha]","","","Querencia","2021","8","n","","",  ""
"12760703","","로제 [Rosé]","","","R","2021","3","n","","",  ""
"12254135","","Momoland","","","Ready or Not","2020","6","n","","",  ""
"10792476","","MAMAMOO","","","Reality in Black","2019","5","n","","",  ""
"5607954","","f(x)","","","Red Light","2014","7","n","","",  ""
"9387322","","MAMAMOO","","","Red Moon","2018","3","n","","",  ""
"11077490","","Rocket Punch","","","Red Punch","2020","4","n","","",  ""
"11363360","","NCT Dream","","","Reload","2020","3","n","","",  ""
"11250982","","WINNER","","","Remember","2020","2","n","","",  ""
"12345525","","NCT 2020","","","Resonance","2020","1","n","","",  ""
"11064830","","The Boyz","","","Reveal","2020","4","n","","",  ""
"12831325","","손 [Sorn]","","","Run","2021","3","n","","",  ""
"7658198","","Red Velvet","","","Russian Roulette","2016","7","n","","",  ""
"5713023","","Secret","","","Secret Summer","2014","6","n","","",  ""
"11764119","","Pink Fantasy","","","그림자 (Shadow Play)","2020","8","n","","",  ""
"9614482","","로시 [Rothy]","","","Shape of Rothy","2018","5","n","","",  ""
"3922486","","SHINee","","","Sherlock","2012","6","n","","",  ""
"3282461","","Secret","","","Shy Boy","2011","5","n","","",  ""
"12137357","","Psychedelic Porn Crumpets","","","Shyga! the Sunlight Mound","2021","8","n","","",  ""
"8259394","","Japanese Breakfast","","","Soft Sounds From Another Planet","2017","9","n","","",  ""
"11756956","","유키카 [YUKIKA]","","","서울여자 (Soul Lady)","2020","9","n","","",  ""
"12871515","","호시 [Hoshi]","","","Spider","2021","8","n","","",  ""
"11384643","","솔라 [Solar]","","","Spit It Out","2020","4","n","","",  ""
"11404849","","Hoppipolla","","","Spring to Spring","2020","2","n","","",  ""
"12847179","","써드아이 [3YE]","","","Stalker","2021","6","n","","",  ""
"8928126","","스텔라장 [Stella Jang] &amp; Pleyn","","","Staples","2018","9","n","","",  ""
"12255400","","스테이씨 [STAYC]","","","Star to a Young Culture","2020","9","n","","",  ""
"12857350","","스테이씨 [STAYC]","","","Staydom","2021","7","n","","",  ""
"7412345","","EXID","","","Street","2016","4","n","","",  ""
"11532412","","Hitchhiker &amp; Sokodomo","","","Sugar","2020","8","n","","",  ""
"9324039","","엘리스 [Elris]","","","Summer Dream","2018","6","n","","",  ""
"9423224","","Red Velvet","","","Summer Magic","2018","9","n","","",  ""
"12678744","","선미 [Sunmi]","","","꼬리 (Tail)","2021","8","n","","",  ""
"12328691","","Yerin Baek","","","Tellusboutyourself","2020","8","n","","",  ""
"5106941","","東方神起 [TVXQ!]","","","TENSE","2014","5","n","","",  ""
"12892955","","DAY6","","","The Book of Us: Negentropy - Chaos Swallowed Up in Love","2021","5","n","","",  ""
"11453275","","DAY6","","","The Book of Us: The Demon","2020","4","n","","",  ""
"1588670","","SHINee","","","The First Mini Album: 누난 너무 예뻐 (Replay)","2008","3","n","","",  ""
"9597755","","유리 [Yuri]","","","The First Scene","2018","7","n","","",  ""
"11064846","","IZ","","","The:IZ","2020","3","n","","",  ""
"11357821","","GWSN","","","The Keys","2020","9","n","","",  ""
"9451086","","Dark Mirror Ov Tragedy","","","The Lord ov Shadows","2018","6","n","","",  ""
"11453181","","NU'EST","","","The Nocturne","2020","5","n","","",  ""
"10146376","","이바다 [Lee Bada]","","","The Ocean","2019","9","n","","",  ""
"9543506","","GWSN","","","The Park in the Night: Part One","2018","5","n","","",  ""
"10442264","","GWSN","","","The Park in the Night: Part Three","2019","8","n","","",  ""
"10044400","","GWSN","","","The Park in the Night: Part Two","2019","6","n","","",  ""
"6726312","","Red Velvet","","","The Red","2015","7","n","","",  ""
"1817636","","SHINee","","","The SHINee World","2008","2","n","","",  ""
"7229849","","Red Velvet","","","The Velvet","2016","6","n","","",  ""
"9939942","","검정치마 [The Black Skirts]","","","Thirsty","2019","5","n","","",  ""
"11041261","","혁오 [Hyukoh]","","","사랑으로 (through love)","2020","8","n","","",  ""
"12714294","","유키카 [YUKIKA]","","","Timeabout,","2021","9","n","","",  ""
"11054538","","Super Junior","","","Timeless","2020","3","n","","",  ""
"12102898","","MAMAMOO","","","Travel","2020","4","n","","",  ""
"12622824","","TRI.BE","","","TRI.BE da loca","2021","5","n","","",  ""
"10020675","","EXID","","","Trouble","2019","4","n","","",  ""
"11967313","","IZ*ONE","","","Twelve","2020","4","n","","",  ""
"10592010","","라붐 [LABOUM]","","","Two of Us","2019","2","n","","",  ""
"10379446","","(G)I-DLE","","","Uh-Oh","2019","7","n","","",  ""
"11102459","","PENTAGON","","","Universe: The Black Hall","2020","5","n","","",  ""
"12812715","","우주소녀 [WJSN]","","","Unnatural","2021","9","n","","",  ""
"11008157","","Younha","","","Unstable Mindset","2020","2","n","","",  ""
"8430350","","Millic","","","VIDA","2017","8","n","","",  ""
"8218688","","이달의 소녀 [LOONA] / ViVi","","","ViVi","2017","4","n","","",  ""
"8811145","","でんの子 P [Dennoko P]","","","Vocaloid Dystopia","2016","7","n","","",  ""
"9255248","","Marmello","","","Wake Me Up","2018","2","n","","",  ""
"13057979","","Flava D, CIFIKA &amp; Girl Ultra","","","Watching You","2020","8","n","","",  ""
"9939256","","네온펀치 [NeonPunch]","","","Watch Out","2019","4","n","","",  ""
"10249004","","EXID","","","We","2019","8","n","","",  ""
"11704669","","Weeekly","","","We Are","2020","5","n","","",  ""
"12043701","","Weeekly","","","We Can","2020","5","n","","",  ""
"10540483","","위키미키 [Weki Meki]","","","Week End LOL","2019","6","n","","",  ""
"4221858","","Secret","","","Welcome to Secret Time","2012","6","n","","",  ""
"5293121","","Snarky Puppy","","","We Like It Here","2014","9","n","","",  ""
"8477186","","위키미키 [Weki Meki]","","","Weme","2017","6","n","","",  ""
"12723197","","Weeekly","","","We Play","2021","5","n","","",  ""
"11054353","","2Z","","","We Tuzi: (위 투지)","2020","4","n","","",  ""
"12340164","","태연 [Taeyeon]","","","What Do I Call You","2020","5","n","","",  ""
"8988682","","Say Sue Me","","","Where We Were Together","2018","6","n","","",  ""
"10051868","","MAMAMOO","","","White Wind","2019","4","n","","",  ""
"11518711","","SECRET NUMBER","","","Who Dis?","2020","5","n","","",  ""
"4423915","","SHINee","","","Why So Serious? – The Misconceptions of Me","2013","7","n","","",  ""
"12708689","","PIXY","","","With My Wings","2021","5","n","","",  ""
"11064881","","Golden Child","","","Without You","2020","5","n","","",  ""
"9535180","","우주소녀 [WJSN]","","","WJ Please?","2018","9","n","","",  ""
"9854164","","우주소녀 [WJSN]","","","WJ Stay?","2019","8","n","","",  ""
"13030382","","비비 [BIBI]","","","인생은 나쁜X","2021","5","n","","",  ""
"9035475","","MAMAMOO","","","Yellow Flower","2018","2","n","","",  ""
"8083918","","이달의 소녀 [LOONA] / YeoJin","","","YeoJin","2017","6","n","","",  ""
"9532235","","백현 [Baekhyun] &amp; 로꼬 [Loco]","","","Young","2018","9","n","","",  ""
"11055195","","다크비 [DKB]","","","Youth","2020","3","n","","",  ""
"8781126","","이달의 소녀 [LOONA] / Yves","","","Yves","2017","9","n","","",  ""
"11047856","","여자친구 [GFRIEND]","","","回:Labyrinth","2020","5","n","","",  ""
"12124303","","여자친구 [GFRIEND]","","","回:Walpurgis Night","2020","6","n","","",  ""
"353561","","三宅優 [Yu Miyake]","","","塊魂サウンドトラック「塊フォルテッシモ魂」 (Katamari Damacy Soundtrack: Katamari Fortissimo Damacy)","2004","10","n","","",  ""
"12728656","","유키카 [YUKIKA]","","","애월 (愛月) (Lovemonth)","2021","9","n","","",  ""
"12446308","","孟美岐 [Meng Meiqi]","","","爱·不爱","2020","6","n","","",  ""
"11098635","","Nafla","","","u n u part. 1","2020","5","n","","",  ""
"11827887","","Nafla","","","u n u part. 2","2020","4","n","","",  ""
"7283710","Takeshi","Nakatsuka","","","EYE","2016","9","n","","",  ""
"10804374","","Nature","","","Nature World: Code A","2019","7","n","","",  ""
"9548528","","Near East Quartet","","","Near East Quartet","2018","2","n","","",  ""
"12919104","","NECTA","","","Oven","2021","7","n","","",  ""
"11420283","","NOIR","","","Up the Sky : 飛","2020","4","n","","",  ""
"11277217","","OneUs","","","In Its Time","2020","4","n","","",  ""
"11115278","","People Taking Pictures","","","Informative Noise","2020","7","n","","",  ""
"12077731","","PER6IX","","","顽美 Naughty Beauty","2020","7","n","","",  ""
"11481381","","pH-1","","","X","2020","6","n","","",  ""
"11267709","","Purplebeck","","","Starry Night","2020","4","n","","",  ""
"11846233","","Saturday","","","D.B.D.B.DIB","2020","6","n","","",  ""
"10661071","","Saturday","","","IKYK","2019","5","n","","",  ""
"9729874","","Saturday","","","묵찌빠 (Mmook jji bba)","2018","7","n","","",  ""
"10661032","","Saturday","","","To Sunday Gwiyomi","2019","5","n","","",  ""
"3054055","","Secret","","","Madonna","2010","4","n","","",  ""
"2932280","","Secret","","","Secret Time","2010","3","n","","",  ""
"9378535","","Semina","","","Semina","2018","7","n","","",  ""
"12624253","Shin","Seung-Hoon","","","MY PERSONAS","2020","4","n","","",  ""
"9553261","","Sha Sha","","","What the Heck","2018","6","n","","",  ""
"9323511","","Sha Sha","","","White Story","2017","6","n","","",  ""
"9221464","","Sha Sha","","","You &amp; Me Forever Shasha","2018","8","n","","",  ""
"11616706","","Someone","","","Orbit","2019","9","n","","",  ""
"7958876","","Sonamoo","","","나 너 좋아해?","2017","6","n","","",  ""
"6685057","","Sonamoo","","","Deja Vu","2014","6","n","","",  ""
"6627702","","Stellar","","","떨려요 (Tteollyeoyo)","2015","9","n","","",  ""
"12490549","","sugar me","","","Wild Flowers","2020","6","n","","",  ""
"10478292","","SUMIN","","","OO DA DA","2019","8","n","","",  ""
"11675089","","SUMIN","","","XX,","2020","8","n","","",  ""
"10666760","","Summer Soul","","","Five Senses","2019","8","n","","",  ""
"12939692","","SuperM","","","We Do","2021","7","n","","",  ""
"11209690","","Swings","","","Upgrade IV","2020","4","n","","",  ""
"11295446","","TOO","","","Reason for Being : 仁","2020","3","n","","",  ""
"11771819","","TOO","","","Running Toogether","2020","5","n","","",  ""
"10993822","","TST","","","Countdown","2020","6","n","","",  ""
"12261715","","Twlv","","","K.I.S.S","2020","1","n","","",  ""
"11203273","","UNVS","","","Timeless","2020","3","n","","",  ""
"10397085","","Vividiva","","","Service (서비스)","2015","6","n","","",  ""
"12751059","","Vividiva","","","Vividiva Evolution 1","2015","2","n","","",  ""
"10660977","","VIXX","","","Parallel","2019","8","n","","",  ""
"9302970","","WJMK","","","짜릿하게","2018","4","n","","",  ""
"8619944","Bill","Wurtz","","","Outside","2017","9","n","","",  ""
"12065721","","Y틴","","Y Teen","Do Better","2016","6","n","","",  ""
"12631695","","Zelo","","","Day2Day","2020","4","n","","",  ""
"12531160","","吴宣仪","","Wu Xuanyi","25","2020","7","n","","",  ""
"11916314","","张楚寒","","Zhang Chuhan","Bunny","2020","8","n","","",  ""
"12448155","","程瀟","","Cheng Xiao","聚焦-X","2020","7","n","","",  ""
